id;street;street_number;second_line;postcode;city
1;Valentine Isle;applica;Savings Account Dam;Practical ;Bryonchester
2;Bednar Ports;transmi;Soap methodology Albania;Home Namib;North Alycia
3;Frederick Glens;Common;Savings Account syndicate Planner;Refined Ru;North Urielside
4;Raheem Vista;access ;Monitored Bahamian Dollar Investment Account;Games Regi;Nicolasburgh
5;Cordell Landing;Georgia;connect Markets Chief;capacitor ;Cleveport
6;Eric Canyon;scale i;Specialist Home Loan Account;Plastic;Cummerataton
7;Henri Bridge;reinven;monitor;1080p Chec;Bettyside
8;Lincoln Trace;archive;payment;withdrawal;West Blake
9;Rosie Walk;hard dr;Poland;Small part;North Sonnyfurt
10;MacGyver Mall;Europea;relationships override;Brand;Effiechester
