id;name;issue_date;expire_date;url;institution_id
1;Open-architected;2019-11-13;2019-11-13;http://name.org;1
2;Metal array France;2019-11-13;2019-11-13;http://ramiro.biz;2
3;Personal Loan Account Sleek Beauty;2019-11-13;2019-11-13;http://mabel.com;3
4;extend Unbranded Fresh Pants Tools;2019-11-13;2019-11-13;http://koby.net;4
5;implementation;2019-11-13;2019-11-13;https://edmond.org;5
6;TCP Assimilated;2019-11-13;2019-11-13;http://forest.name;6
7;interface;2019-11-13;2019-11-13;http://crystal.org;7
8;Club backing up;2019-11-13;2019-11-13;http://kamron.net;8
9;Metal Frozen;2019-11-12;2019-11-13;https://enola.com;9
10;morph content bypass;2019-11-13;2019-11-13;http://vince.com;10
